clade	gene	site	alt

A	nuc	1029	C
A	nuc	2260	C

# Note that B is a subclade of C, not sister to
# Homoplasic mutations indicate it's a recombinant
B	nuc	225	A
B	nuc	1500	C
B	nuc	2705	G

C	nuc	346	T
C	nuc	791	T
C	nuc	1135	C
C	nuc	2747	G

C_re	nuc	287	A
C_re	nuc	957	G

D	nuc	724	T
D	nuc	930	C

E	nuc	706	C
E	nuc	1410	A

# mutations defining F are _all_ homoplasic (i.e. recombinant?)
F	nuc	572	T
F	nuc	909	A
F	nuc	1332	A
F	nuc	1700	A
F	nuc	2979	C

G	nuc	921	C
G	nuc	1008	G

H	nuc	529	C
H	nuc	1467	T

I	nuc	181	C
I	nuc	852	G